Wavenumbercm-1,03:17:17
4000,-2.30389833908049E-05
3998,-2.30389833908049E-05
3996,-2.30389833908049E-05
3994,1.81085150797432E-06
3992,4.22574977600098E-05
3990,6.95561740449882E-05
3988,6.0894328052281E-05
3986,2.16373405868958E-05
3984,2.86326009081941E-06
3982,3.04138477412888E-05
3980,7.66094110447752E-05
3978,8.74470191302815E-05
3976,3.56518131387873E-05
3974,-5.47565595028068E-05
3972,-0.000132809093899682
3970,-0.000161893048519905
3968,-0.000137197823892652
3966,-7.66587924949319E-05
3964,-4.49332601642354E-06
3962,6.18135368576859E-05
3960,0.00011476845317849
3958,0.000150645641220831
3956,0.0001656765518354
3954,0.000160279782581697
3952,0.000138686192090514
3950,9.80946093925917E-05
3948,2.5061639864124E-05
3946,-8.27218158253457E-05
3944,-0.000183841545294521
3942,-0.000203778054657818
3940,-0.000103860523670612
3938,6.64153099196663E-05
3936,0.000201484052508501
3934,0.000224794090495155
3932,0.000141699228714839
3930,1.34763847185493E-05
3928,-0.000104105380361631
3926,-0.000187945898383851
3924,-0.000235204387535768
3922,-0.000246477838756654
3920,-0.000220863738865161
3918,-0.000155459429800877
3916,-4.35039231149335E-05
3914,0.000118650638026074
3912,0.000298044681824526
3910,0.000397928108490001
3908,0.000311841355339849
3906,2.91253816995378E-05
3904,-0.000311638845193437
3902,-0.000485103426817176
3900,-0.000353928423722077
3898,-9.91839772145411E-06
3896,0.000300812460615297
3894,0.000388311292490611
3892,0.000257170931045784
3890,6.4187153559015E-05
3888,-5.36969727100702E-05
3886,-9.13431364279531E-05
3884,-0.000111863676321872
3882,-0.000129063099517162
3880,-0.000100655914987981
3878,-1.89362006760692E-05
3876,5.22699926825245E-05
3874,4.72563854382826E-05
3872,-2.62251470912219E-05
3870,-9.54826723287363E-05
3868,-0.000104490330158702
3866,-5.33187765000966E-05
3864,5.07974049270152E-05
3862,0.000183539491076906
3860,0.000256806925537769
3858,0.000178427325315255
3856,-4.99319811027458E-05
3854,-0.000282592886111374
3852,-0.000306997052013451
3850,-6.98228615969429E-05
3848,0.000246139637382524
3846,0.000409215243852767
3844,0.000308760746848895
3842,1.10369805698289E-05
3840,-0.000302978755429767
3838,-0.00047484552633765
3836,-0.000442093182606111
3834,-0.00023345182141749
3832,4.19419353949017E-05
3830,0.000245673362644136
3828,0.000286209856243217
3826,0.000168158577297255
3824,-2.24820393494837E-05
3822,-0.000175749879241646
3820,-0.00021317255314405
3818,-0.000119757415938975
3816,5.58626647631755E-05
3814,0.000229557316165776
3812,0.000322034474440415
3810,0.0002944813302167
3808,0.000151789836361955
3806,-7.28555400648835E-05
3804,-0.000319811122353174
3802,-0.000500826608709076
3800,-0.000519604954556855
3798,-0.000327607508102699
3796,1.31982648891317E-05
3794,0.000346245745295249
3792,0.000523501784534015
3790,0.000496872219413667
3788,0.000325698382758598
3786,0.000112366952347695
3784,-7.00392396030011E-05
3782,-0.000194777701562251
3780,-0.000251735652893443
3778,-0.000229294364327111
3776,-0.000136741952617532
3774,-2.39307756786813E-05
3772,4.66896865290051E-05
3770,5.53553750700955E-05
3768,4.79983109096095E-05
3766,8.80781259357492E-05
3764,0.000171949633933504
3762,0.000214300388665107
3760,0.0001398903944068
3758,-1.54199880726163E-05
3756,-0.000108827097304979
3754,-3.17995542149278E-05
3752,0.000145274975925085
3750,0.000213607013174419
3748,3.46477653731652E-05
3746,-0.00028460775020439
3744,-0.000450861495113954
3742,-0.000296007101970763
3740,2.23559114597997E-05
3738,0.000186197375867771
3736,4.144658051381E-05
3734,-0.000242693895157229
3732,-0.000351943698734452
3730,-0.000177903959142108
3728,0.000109489921468448
3726,0.000287943317676915
3724,0.000286353381759423
3722,0.000197993316339645
3720,0.000129034980009708
3718,7.65860346875536E-05
3716,-1.00642057507697E-05
3714,-0.000123037828288936
3712,-0.000190115150698246
3710,-0.000156479549307818
3708,-5.37930997093814E-05
3706,3.18848610002567E-05
3704,5.96482180838305E-05
3702,8.42592516472793E-05
3700,0.00018601828230563
3698,0.000334890211094666
3696,0.000368245614560047
3694,0.000147959705444169
3692,-0.000268983725712249
3690,-0.000624385259940925
3688,-0.00065287189618774
3686,-0.000322647553643218
3684,0.000135317513919925
3682,0.000441842193829773
3680,0.000467276852888395
3678,0.000263569451322254
3676,-2.28142556999637E-05
3674,-0.0002628097148394
3672,-0.000387816292495467
3670,-0.000367733880812285
3668,-0.000217418100506686
3666,-4.05192168937507E-06
3664,0.00019582275744495
3662,0.000336758206502139
3660,0.000408916327331856
3658,0.000401283652240788
3656,0.000263928423275556
3654,-3.3640762069357E-05
3652,-0.000409782789111724
3650,-0.000666040998712808
3648,-0.00060192571314723
3646,-0.000209187828887623
3644,0.000258818277201054
3642,0.000499270587606287
3640,0.00041371551884547
3638,0.000138109599009948
3636,-0.000122928479290174
3634,-0.000273731033883247
3632,-0.000351077460684075
3630,-0.000386571375612928
3628,-0.000330551995985184
3626,-0.000143487336291162
3624,0.000122756498658512
3622,0.00036775154515735
3620,0.000504877931624758
3618,0.000495092982202083
3616,0.000342857107901483
3614,7.65821239894186E-05
3612,-0.000235122866193313
3610,-0.000463998840862292
3608,-0.000486255707783086
3606,-0.000285919435952866
3604,1.17189783614377E-05
3602,0.000226319077827965
3600,0.000259447558314932
3598,0.00016260794110164
3596,6.35408146710506E-05
3594,2.93112014791634E-05
3592,1.91244483351752E-05
3590,-3.84589204242268E-05
3588,-0.000149566165353227
3586,-0.000240487193390401
3584,-0.000227920346279889
3582,-8.47702256560533E-05
3580,0.000149261999393419
3578,0.000380867332904215
3576,0.000485033689098698
3574,0.000364355051849714
3572,2.72380076178499E-05
3570,-0.000387985113072145
3568,-0.000682331079306166
3566,-0.000715973255488283
3564,-0.000482250331028328
3562,-8.69614084276919E-05
3560,0.000313638240073626
3558,0.000566190710147944
3556,0.000580757056269159
3554,0.000382124930569905
3552,9.07214886313549E-05
3550,-0.000166176894090484
3548,-0.000334066899543808
3546,-0.000423742028437001
3544,-0.000437671329863469
3542,-0.000341350579130897
3540,-0.000122466997996483
3538,0.000152989287560531
3536,0.000361853264911946
3534,0.000399562496585919
3532,0.000257441918304696
3530,4.53265744224153E-05
3528,-6.99490563515089E-05
3526,1.59905136398727E-05
3524,0.000232842060695042
3522,0.000345323977004311
3520,0.000153309345019347
3518,-0.000281603734963094
3516,-0.000636009699150518
3514,-0.000582373139685804
3512,-8.71782540897931E-05
3510,0.000530343031189983
3508,0.000854629799577515
3506,0.000694468972566089
3504,0.000185963307279109
3502,-0.000349574960178348
3500,-0.000636077168492899
3498,-0.000589471044251885
3496,-0.000312141122107041
3494,9.82877624994103E-06
3492,0.000228082031883033
3490,0.000305499955825582
3488,0.00029037030417508
3486,0.000227096026665285
3484,0.000121272916231387
3482,2.46709006028251E-06
3480,-3.2249932449244E-05
3478,8.32952782765347E-05
3476,0.000240422634285218
3474,0.000199419597782102
3472,-0.000152745766036871
3470,-0.00061979627458475
3468,-0.000844715012487981
3466,-0.000657531853643458
3464,-0.000233045529675426
3462,0.000111376096966833
3460,0.000223808658153745
3458,0.000189932742998579
3456,0.000152694601832957
3454,0.000147805508306479
3452,0.000139844802706694
3450,0.000155379299856373
3448,0.000289904759396786
3446,0.000549229267516709
3444,0.000738580679018313
3442,0.000599183870622106
3440,8.8750650110299E-05
3438,-0.000520547193287328
3436,-0.000870330517882446
3434,-0.000832795004083938
3432,-0.000570956420678582
3430,-0.000300847434635048
3428,-6.79878000215802E-05
3426,0.000210514810913225
3424,0.000553509640472675
3422,0.000837635529828349
3420,0.000898903320003409
3418,0.000677173219480254
3416,0.000271496727972131
3414,-0.000105269949956421
3412,-0.000245375518323982
3410,-0.000104020032192179
3408,0.000128594587393878
3406,0.000175167996743733
3404,-5.07883400326898E-05
3402,-0.0003401972741339
3400,-0.000417291468550597
3398,-0.000258786706945926
3396,-0.000111104822379488
3394,-0.000174232055629024
3392,-0.000339258982615189
3390,-0.00030958940896434
3388,3.26108403439808E-05
3386,0.000454456954209075
3384,0.000602642957479102
3382,0.000371542229833946
3380,9.23768998565077E-07
3378,-0.000190985981245489
3376,-0.000131778963641845
3374,-2.59646217420724E-05
3372,-9.00475462055775E-05
3370,-0.00030970829194542
3368,-0.000472824987522641
3366,-0.00040552917605498
3364,-0.000133564567632996
3362,0.000176401547199228
3360,0.000376166059975855
3358,0.000415140277014946
3356,0.000318444556091754
3354,0.00015188511950809
3352,4.66765205653653E-06
3350,-5.46523904569575E-05
3348,-4.07865608569788E-05
3346,-4.3702537497824E-05
3344,-0.00012367501559181
3342,-0.000224269596590818
3340,-0.000220813643218899
3338,-5.98886777123779E-05
3336,0.000170403626379592
3334,0.000313908116456742
3332,0.000275184216194496
3330,8.24896002818921E-05
3328,-0.000145086599542095
3326,-0.000277845453699177
3324,-0.000252608432776667
3322,-0.000109157182977659
3320,4.84434455565013E-05
3318,0.000142000532480899
3316,0.000167390608455255
3314,0.000140665287555788
3312,8.77756399808526E-06
3310,-0.000314266161053016
3308,-0.000766284425676694
3306,-0.00105072732017465
3304,-0.000840656958799894
3302,-0.000119089992754693
3300,0.000712341812176077
3298,0.00113080177470489
3296,0.000933786408479022
3294,0.000373872666845364
3292,-0.000123499036746746
3290,-0.000317612822186277
3288,-0.000245069848638011
3286,-7.49268096630402E-05
3284,4.94250613400027E-05
3282,6.2333076694128E-05
3280,-3.18776503998135E-05
3278,-0.00016108013731713
3276,-0.000215815530860845
3274,-0.00014276855095763
3272,-1.38681309366834E-06
3270,0.000102575416220242
3268,0.000122270466303938
3266,8.72060621486591E-05
3264,4.05448936116045E-05
3262,-1.09733843327853E-08
3260,-1.65141554092898E-05
3258,2.13002339938274E-05
3256,0.000101151091515928
3254,0.000128441655426462
3252,1.55079610468905E-06
3250,-0.000253881348396348
3248,-0.000458950546826166
3246,-0.000429849046230957
3244,-0.000159462701040231
3242,0.000163745436888389
3240,0.000327438202944563
3238,0.000277860763195613
3236,0.000131913570106218
3234,3.50077714861965E-05
3232,3.11830770432952E-05
3230,6.31908511647132E-05
3228,6.58226964200411E-05
3226,3.39245769447677E-05
3224,5.9654726254065E-06
3222,3.18679053420349E-06
3220,-6.62336972116194E-08
3218,-4.25517830552458E-05
3216,-0.000115581552530064
3214,-0.000150423480793781
3212,-8.74276335525791E-05
3210,4.24884568431487E-05
3208,0.000131092917012136
3206,9.99455525762062E-05
3204,-1.97566148676348E-05
3202,-0.000126720119422808
3200,-0.000152586352178927
3198,-0.00010262302221509
3196,-1.45702787329999E-05
3194,7.81096556665275E-05
3192,0.000139591572792968
3190,0.000133972780048571
3188,6.40311131287766E-05
3186,-1.29638376666874E-05
3184,-3.92311634339437E-05
3182,-1.85004732268033E-05
3180,8.15610429870677E-07
3178,-3.32940709598176E-07
3176,1.61582284422023E-05
3174,8.70362408499868E-05
3172,0.000181778338383462
3170,0.000217074760009015
3168,0.000137558126094359
3166,-2.60297097868228E-05
3164,-0.000178263058500941
3162,-0.000235409912351579
3160,-0.000187190205812769
3158,-9.6404577660518E-05
3156,-4.08446055610578E-05
3154,-4.68440073143257E-05
3152,-6.97736202460423E-05
3150,-3.94021760126793E-05
3148,6.67787453249853E-05
3146,0.000190374944406299
3144,0.000237370633805504
3142,0.000160813944423492
3140,1.82105599047187E-06
3138,-0.000143969807715527
3136,-0.000194979732047057
3134,-0.000128209071042625
3132,1.70911665802382E-05
3130,0.000156524420277457
3128,0.000197302961469088
3126,0.000101389610174922
3124,-6.90471408851339E-05
3122,-0.00018763538760403
3120,-0.000169674608839588
3118,-4.92240227612118E-05
3116,5.73468736325269E-05
3114,6.54171310623078E-05
3112,-7.56277272947377E-06
3110,-7.60871879984544E-05
3108,-7.22658490813301E-05
3106,2.91094563842605E-06
3104,9.6084342899586E-05
3102,0.000149997106828284
3100,0.000135940139853432
3098,5.72082212723624E-05
3096,-6.36580240977049E-05
3094,-0.000194278165784628
3092,-0.000290798498354426
3090,-0.000301262750763021
3088,-0.000192696251911684
3086,5.49851510307833E-06
3084,0.000187868050576516
3082,0.0002329744819199
3080,0.000107449457411141
3078,-8.76894151958884E-05
3076,-0.00019808865004694
3074,-0.000158236927152596
3072,-4.16800931814425E-05
3070,3.37735040720713E-05
3068,2.99717360619968E-05
3066,1.14061903684471E-06
3064,-1.60613353625404E-06
3062,1.95902668572516E-06
3060,-3.39775124874032E-05
3058,-9.90168696315708E-05
3056,-0.000122655326908346
3054,-5.60096837540946E-05
3052,5.86137184552538E-05
3050,0.000119728023120136
3048,7.44197431180563E-05
3046,-1.87220319980396E-05
3044,-4.99413834280521E-05
3042,1.52481736250149E-05
3040,8.83826651924593E-05
3038,6.03202357107732E-05
3036,-5.91249238040093E-05
3034,-0.000139807423494836
3032,-7.85378453550503E-05
3030,8.06174817176233E-05
3028,0.000197411325285389
3026,0.000193810299854855
3024,0.000136244138918347
3022,0.000163301548658324
3020,0.00035872792838966
3018,0.000699726987093595
3016,0.0010984059208074
3014,0.0014628854254318
3012,0.0017182902750111
3010,0.00179361329542212
3008,0.00162290169283976
3006,0.00117852769760004
3004,0.000502057837813906
3002,-0.000302581475826286
3000,-0.00111432537107158
2998,-0.0018449235068434
2996,-0.00244500614124712
2994,-0.00286721152542624
2992,-0.00303819605199877
2990,-0.00287362156510885
2988,-0.00233279863970467
2986,-0.00148122711312483
2984,-0.000502831957462587
2982,0.000364240348952863
2980,0.000930996392321594
2978,0.00113545320657567
2976,0.00104843453627683
2974,0.000811478224811644
2972,0.000555395913300512
2970,0.00035119528865092
2968,0.00021635152537748
2966,0.000153688447985066
2964,0.000172951340068726
2962,0.000270925321995356
2960,0.000400606053578005
2958,0.000484760108965131
2956,0.000474119794406115
2954,0.000381421327550711
2952,0.000252657625762041
2950,0.000117981450239832
2948,-1.67502887925434E-05
2946,-0.000135836148126226
2944,-0.000195591717562229
2942,-0.000157784272093527
2940,-3.05139135730024E-05
2938,0.000136165703897142
2936,0.000290677123711859
2934,0.000411013062846845
2932,0.000506951379947942
2930,0.000618940586689849
2928,0.000835249011688859
2926,0.00128259438930437
2924,0.00200876500981381
2922,0.00278213090941363
2920,0.00302632170829724
2918,0.00210506987136165
2916,-0.00014740292183429
2914,-0.00307548564653206
2912,-0.00542848986490816
2910,-0.0061159349814827
2908,-0.00491902610795161
2906,-0.00257690965004186
2904,-0.000226950126018295
2902,0.00130885109317656
2900,0.00186254924911485
2898,0.00174472010123063
2896,0.00135582515440363
2894,0.000949179687665758
2892,0.000627566970951306
2890,0.000428407883047684
2888,0.000362718590494674
2886,0.000395469581878799
2884,0.000434961404584086
2882,0.000382243030886587
2880,0.000212075169904929
2878,6.99249732357192E-06
2876,-9.92389380252339E-05
2874,-3.36833314907296E-05
2872,0.000143862168681091
2870,0.000286151102424622
2868,0.000282282629355877
2866,0.000137798962473294
2864,-5.3029857286642E-05
2862,-0.000193620906813941
2860,-0.000241876517603945
2858,-0.00020476598813235
2856,-0.000109381892519857
2854,8.67029648921375E-06
2852,0.000106455978105589
2850,0.00014577881996323
2848,0.000117091451163623
2846,5.64597001911059E-05
2844,2.98797784242573E-05
2842,8.13576098313013E-05
2840,0.000187185777929355
2838,0.000266038336836787
2836,0.000243939495858641
2834,0.000116702385900635
2832,-4.87759051882048E-05
2830,-0.000170680689315551
2828,-0.00020861641648569
2826,-0.000177301625498385
2824,-0.000122942298709752
2822,-9.01483484373205E-05
2820,-9.9992435891035E-05
2818,-0.000145212402550967
2816,-0.000200271290356914
2814,-0.000238915647458334
2812,-0.00024918018040962
2810,-0.000236420250439172
2808,-0.000212693653075321
2806,-0.000182335238376806
2804,-0.00013798376182854
2802,-7.25842935341146E-05
2800,4.72095201147697E-06
2798,6.94219987398968E-05
2796,0.000101752191190942
2794,0.000104229299177267
2792,9.73707719059218E-05
2790,9.98876464494346E-05
2788,0.00011483953549417
2786,0.000132814436468075
2784,0.000144138151902439
2782,0.000145140708601823
2780,0.000133510268955333
2778,0.000102984665087741
2776,4.85661724904171E-05
2774,-2.19338183142588E-05
2772,-8.61951468211314E-05
2770,-0.000123478259378878
2768,-0.000132405368192159
2766,-0.000128347402252062
2764,-0.000124193254079374
2762,-0.000118385010469453
2760,-0.000102961187977857
2758,-8.02215782542449E-05
2756,-6.74231059082238E-05
2754,-8.18085307782953E-05
2752,-0.000118740534372205
2750,-0.000144240695075158
2748,-0.000116372068979599
2746,-2.40897019486535E-05
2744,9.4685128826985E-05
2742,0.000182644029362933
2740,0.000215353641948388
2738,0.000220541415111813
2736,0.000242371341617576
2734,0.000291094096710276
2732,0.00033391782836984
2730,0.000333726606863995
2728,0.000289516880018786
2726,0.000235604009839862
2724,0.000203763691872316
2722,0.000190733025631456
2720,0.000166399967703874
2718,0.000112779484926204
2716,4.71650792325713E-05
2714,7.48060406919606E-07
2712,-2.1574198346574E-05
2710,-4.99871511508511E-05
2708,-0.000114289302565777
2706,-0.000204299307680428
2704,-0.0002711856651295
2702,-0.000269727721225698
2700,-0.000200678770927622
2698,-0.000113364088079951
2696,-6.42100012846827E-05
2694,-6.68763533823134E-05
2692,-8.1910931341884E-05
2690,-5.97593110438013E-05
2688,5.20058383815845E-06
2686,6.80201275137708E-05
2684,8.07154619491439E-05
2682,3.90311184707407E-05
2680,-2.19580614684628E-05
2678,-7.02461723331E-05
2676,-0.00010449000627641
2674,-0.000141462465260143
2672,-0.000187565868207525
2670,-0.00022992926567802
2668,-0.00025405048123152
2666,-0.000263128157998422
2664,-0.000272199934164158
2662,-0.000283477876635854
2660,-0.000278284605145954
2658,-0.00024014255252999
2656,-0.000179280756688034
2654,-0.000124403246307076
2652,-8.99112173033939E-05
2650,-5.93711754672075E-05
2648,-4.96420398404744E-06
2646,8.27645913506753E-05
2644,0.000187143557718044
2642,0.000281485926462976
2640,0.000348410942765601
2638,0.000386310133289469
2636,0.00040077133418451
2634,0.000388918746483832
2632,0.000331878352922452
2630,0.000210079676518622
2628,3.01924326781508E-05
2626,-0.00016623165949856
2624,-0.000324959021384274
2622,-0.000415407553027701
2620,-0.000453333436655591
2618,-0.000486975577533781
2616,-0.00054981314109049
2614,-0.000619899375173852
2612,-0.000630744496775322
2610,-0.000529160357465644
2608,-0.000323387041848935
2606,-7.66871850091424E-05
2604,0.000136270235592322
2602,0.000266283036184551
2600,0.000307257506446993
2598,0.00029862011086237
2596,0.000301938041908218
2594,0.000355790416704898
2592,0.000444761611794178
2590,0.000515953223147875
2588,0.000524009408142651
2586,0.00045179601037966
2584,0.000307635382307432
2582,0.00014093511376903
2580,4.70360219778283E-05
2578,0.000104619182660808
2576,0.000285124471489839
2574,0.000445101578113558
2572,0.000438128018438128
2570,0.000245254552277746
2568,-8.92363809430334E-06
2566,-0.000161358423256591
2564,-0.000130509546652283
2562,3.94067933625715E-05
2560,0.000218868533480543
2558,0.000284281885844609
2556,0.000195430525452307
2554,7.43578372759804E-07
2552,-0.000212718093278261
2550,-0.000360879274857259
2548,-0.000383612548890757
2546,-0.000267462152542369
2544,-7.09154041491039E-05
2542,9.29357496089722E-05
2540,0.00013793621070397
2538,7.87983115076135E-05
2536,3.70724910323357E-06
2534,-3.04166330310099E-05
2532,-6.01857794735912E-05
2530,-0.000162781389713243
2528,-0.000347265303035199
2526,-0.00051160757957226
2524,-0.000524322021831404
2522,-0.00035829985960254
2520,-0.000134778333599722
2518,-1.15184254241167E-05
2516,-2.14215815015441E-05
2514,-4.31285813168646E-05
2512,5.68204561785374E-05
2510,0.000269531837204023
2508,0.000435545226802989
2506,0.000390351034596852
2504,0.00012497626373365
2502,-0.000181084441684999
2500,-0.000280485249251444
2498,-4.85922864634272E-05
2496,0.00039638907248061
2494,0.000767316684452198
2492,0.000832301927950016
2490,0.00058951129158982
2488,0.000233567051429207
2486,-2.84104497955674E-05
2484,-0.000111669749338366
2482,-4.37630885540947E-05
2480,0.00010883567755595
2478,0.000275139815301472
2476,0.000372370266856854
2474,0.000327129848719606
2472,0.000138027359944991
2470,-9.62698718185645E-05
2468,-0.000235925930675109
2466,-0.000203342712753188
2464,-4.32931449911096E-05
2462,0.000112418195511493
2460,0.000147046286363599
2458,4.25234605119887E-05
2456,-0.000116049435804326
2454,-0.000208607497312116
2452,-0.000171978889379256
2450,-5.25797971652574E-05
2448,2.91593285139723E-05
2446,-1.38142762537874E-05
2444,-0.000147753112722357
2442,-0.000240649738774358
2440,-0.000184516895978079
2438,-1.67259009003082E-06
2436,0.000167440675409153
2434,0.000178508830083367
2432,-3.23242601666303E-06
2430,-0.00027366795594704
2428,-0.000457760060484863
2426,-0.000429185994781384
2424,-0.000203914945733682
2422,6.66346491788636E-05
2420,0.000212061630881233
2418,0.00017613808140524
2416,4.69720478177616E-05
2414,-3.68188556410929E-05
2412,-7.07326328710418E-06
2410,9.32326383199457E-05
2408,0.000166693237205487
2406,0.000147429749737927
2404,4.30475415400928E-05
2402,-8.60289467749322E-05
2400,-0.000174875622943213
2398,-0.000188425639308645
2396,-0.000131120957653298
2394,-4.31561473998E-05
2392,1.52225466332354E-05
2390,-3.34813363205713E-06
2388,-9.65125614127468E-05
2386,-0.000203393797073576
2384,-0.000242097367305566
2382,-0.000171647962758064
2380,-2.88157036386886E-05
2378,9.62232550102708E-05
2376,0.000134078578865451
2374,9.62775622150007E-05
2372,5.87514471230744E-05
2370,7.85847727101706E-05
2368,0.000129430307652684
2366,0.000134477291828163
2364,6.6648806271797E-05
2362,-9.99351485693407E-06
2360,-1.55439046270943E-05
2358,4.64099467129623E-05
2356,9.23878134537851E-05
2354,5.82466441475634E-05
2352,-3.70167279885244E-05
2350,-0.000129790065581226
2348,-0.000179013253686339
2346,-0.000182607847344125
2344,-0.00015067796994175
2342,-9.56268279684423E-05
2340,-5.22537054926381E-05
2338,-6.7233098284986E-05
2336,-0.000141061149739646
2334,-0.000201361429875621
2332,-0.000159781454161446
2330,3.67830764321375E-07
2328,0.000201834140651557
2326,0.000339059304152362
2324,0.000356765790293174
2322,0.000270909572306908
2320,0.000138041329451284
2318,1.53270231213704E-05
2316,-6.49960382292011E-05
2314,-0.000107432901144154
2312,-0.000146529826697404
2310,-0.000214661355914563
2308,-0.000309615040063818
2306,-0.000399170899791274
2304,-0.000451861741876464
2302,-0.000452009073855379
2300,-0.00039082578332736
2298,-0.00026434060188002
2296,-9.48283580215945E-05
2294,5.3567427915927E-05
2292,9.98747748469358E-05
2290,3.14761036781924E-06
2288,-0.000186485919559418
2286,-0.000328643794409742
2284,-0.000271509289823819
2282,2.77897175153649E-05
2280,0.000436258047870812
2278,0.000717541128306597
2276,0.000711498219985399
2274,0.000450597817824772
2272,0.000102371872958934
2270,-0.000182696419859197
2268,-0.00035613466853434
2266,-0.000421130767022296
2264,-0.000349674603602478
2262,-0.000118040927413079
2260,0.000218816572673333
2258,0.000540293624894732
2256,0.000738166296368248
2254,0.000780994281256673
2252,0.000717035379555491
2250,0.000567509203699831
2248,0.000284211263248612
2246,-0.000120493309584866
2244,-0.0004398064503298
2242,-0.000376211422154175
2240,0.000137483250271836
2238,0.00071601782519459
2236,0.000788783546044905
2234,0.00016761194150505
2232,-0.000704645688805274
2230,-0.00113608165661992
2228,-0.000806926929998656
2226,-5.30958608487538E-05
2224,0.000452902676490063
2222,0.000274742168039245
2220,-0.000469387322397571
2218,-0.0012441858941543
2216,-0.00146849297372121
2214,-0.000940372946679843
2212,3.50326546056251E-05
2210,0.000901714515038676
2208,0.00120938083386914
2206,0.000804489873402599
2204,-0.000112780504269323
2202,-0.00107850951749494
2200,-0.00153009451042271
2198,-0.001080841268164
2196,0.000183032240611701
2194,0.00160173512097522
2192,0.00223979776484714
2190,0.00155879668774568
2188,1.24482561279004E-05
2186,-0.00120763535439708
2184,-0.00114172036927656
2182,8.58093919131381E-05
2180,0.00137148491538119
2178,0.00169830130787051
2176,0.00105787647069858
2174,8.89796729851902E-05
2172,-0.000699226336194906
2170,-0.00116672236660757
2168,-0.0013969034923646
2166,-0.00138256829809098
2164,-0.000874091442961916
2162,0.00013893219638153
2160,0.00121527815629873
2158,0.00181219166390012
2156,0.00150792974433459
2154,0.000417680397248605
2152,-0.000603080633887818
2150,-0.000750331373433441
2148,-8.74451829545692E-05
2146,0.000455587439471045
2144,-7.96466383995921E-05
2142,-0.001488337820111
2140,-0.0025344369679799
2138,-0.00219710560022715
2136,-0.00054682152615643
2134,0.00122228464560341
2132,0.0018579852672533
2130,0.00127681443989335
2128,0.000288967526064502
2126,-0.000344048286546976
2124,-0.000408199808900928
2122,-0.000228295315165633
2120,-0.000142232612574396
2118,-9.19831886743607E-05
2116,0.000104825137194556
2114,0.00040007076695214
2112,0.000560339572404612
2110,0.00042163888218936
2108,6.79869682452452E-05
2106,-0.000259249388312625
2104,-0.00038292580644838
2102,-0.000301841012791487
2100,-0.000110796720015189
2098,0.000137363492786286
2096,0.000441608824571113
2094,0.00067970237449465
2092,0.000606068351466546
2090,0.000128880574538524
2088,-0.000526254777147791
2086,-0.000975310343578753
2084,-0.000954432123506083
2082,-0.000506735867025162
2080,7.96088417809023E-05
2078,0.000407949101368207
2076,0.000160935345430923
2074,-0.000599946676909647
2072,-0.00128518884407998
2070,-0.00126286635605639
2068,-0.000427500855058809
2066,0.000597628921888979
2064,0.000899054208940215
2062,0.000162732683130195
2060,-0.000678699948838346
2058,-0.000240078305998309
2056,0.00157385133937366
2054,0.0029761412308496
2052,0.00196889245066761
2050,-0.00151323254988663
2048,-0.00473525621341925
2046,-0.00472811144406914
2044,-0.00131195361741243
2042,0.00304451500345552
2040,0.00558611830521291
2038,0.00486175768894114
2036,0.00196879108462915
2034,-0.000854620279100602
2032,-0.00209353776453335
2030,-0.00160685107720055
2028,-0.000568112842039725
2026,-0.000643251799434458
2024,-0.00171651845650894
2022,-0.00240655751185988
2020,-0.00202529606938202
2018,-0.00112676310582751
2016,-0.000542937715430003
2014,-0.000784763499750124
2012,-0.00109589023597048
2010,-0.000596575651662914
2008,0.000813416419416906
2006,0.0025391573165446
2004,0.00393910275000655
2002,0.00400083598770304
2000,0.00255226411879059
1998,0.000102189057260773
1996,-0.00224818660135055
1994,-0.00315269070316146
1992,-0.00197504141244642
1990,2.9367067800667E-05
1988,0.00116180685665064
1986,0.000677749078749074
1984,-0.000549453585346224
1982,-0.000973162100239931
1980,-3.12045661604283E-05
1978,0.00116627291910156
1976,0.0016929960956588
1974,0.00176029503084021
1972,0.00191552037333804
1970,0.0018911274410333
1968,0.0012017947146135
1966,-0.000214927493471685
1964,-0.00157479184209953
1962,-0.00202478127708948
1960,-0.00129297366675614
1958,1.49988718935962E-05
1956,0.00105560520845299
1954,0.00121251138408764
1952,0.000482687305930996
1950,-0.00057874522654546
1948,-0.00122265677024883
1946,-0.00119208088279974
1944,-0.000697536110712639
1942,-7.0459835201429E-05
1940,0.000388283929616821
1938,0.000431778597687886
1936,8.7355959882892E-05
1934,-0.000348540918581265
1932,-0.000535038499370554
1930,-0.000365364327476576
1928,-9.02864580589326E-06
1926,0.000261358888057126
1924,0.000328579825074755
1922,0.00020026963125197
1920,-4.70869972506165E-05
1918,-0.000264020599955733
1916,-0.000340557885679357
1914,-0.000346554981259388
1912,-0.000404576463820552
1910,-0.000501407028380038
1908,-0.000487485608585654
1906,-0.000272024901308691
1904,6.25480307806597E-05
1902,0.00032182975615118
1900,0.000371129839787721
1898,0.000235235477094773
1896,5.78900228895552E-05
1894,-3.11059844186597E-05
1892,-2.44705869590318E-05
1890,-2.76574482236812E-05
1888,-8.83090596405634E-05
1886,-0.000115704849051009
1884,-2.25457545666077E-05
1882,0.000163630247532133
1880,0.000351813539083491
1878,0.000464283974993501
1876,0.000479378054784658
1874,0.000387684340723153
1872,0.00017054224437655
1870,-0.000127982082573101
1868,-0.000390088507420378
1866,-0.000514700885771921
1864,-0.000441614481862356
1862,-0.000190472500511182
1860,0.000117323148758399
1858,0.000343424820396277
1856,0.00042732934557285
1854,0.00038226548016763
1852,0.000257360381870558
1850,8.43339295769716E-05
1848,-0.000107734725642548
1846,-0.00023469684084789
1844,-0.000214362675574171
1842,-7.06749991623153E-05
1840,9.98225265923842E-05
1838,0.00019274976830646
1836,0.000153198025737684
1834,1.74278043677151E-05
1832,-0.000131315127338294
1830,-0.000223232400696719
1828,-0.000234215549506914
1826,-0.00020125943139679
1824,-0.000150011535162319
1822,-6.27080883670547E-05
1820,4.33634512532402E-05
1818,9.74874710925702E-05
1816,4.83974328147352E-05
1814,-7.41134044126623E-05
1812,-0.000171096733612129
1810,-0.000158196289578635
1808,-4.98687050881378E-05
1806,5.81379448144768E-05
1804,7.79923535809958E-05
1802,-3.45904196874651E-06
1800,-0.000144664028524402
1798,-0.00028988166283785
1796,-0.000409534042416109
1794,-0.000497273032337026
1792,-0.000541165282547967
1790,-0.000544271489957507
1788,-0.000573514351813239
1786,-0.000695487126503453
1784,-0.000914565591536437
1782,-0.00126997275928042
1780,-0.00188212423663909
1778,-0.00277423603742577
1776,-0.00364880871002315
1774,-0.00390854566904805
1772,-0.00306311464598196
1770,-0.00123848380963759
1768,0.000827993401766275
1766,0.0023226815635086
1764,0.00286280529469154
1762,0.00264848213157486
1760,0.00218688146031961
1758,0.00179607073792654
1756,0.00140343709124191
1754,0.000766986146049283
1752,-0.000179037554419826
1750,-0.00112414871626352
1748,-0.00154382724938135
1746,-0.0011278149908072
1744,-8.70691928154476E-05
1742,0.00079395671852289
1740,0.000601024179307012
1738,-0.00105858526100193
1736,-0.003780376824563
1734,-0.00658725484744227
1732,-0.00847787770986487
1730,-0.00901058212235963
1728,-0.00840491887789206
1726,-0.00716668049225589
1724,-0.00525690513322289
1722,-0.00203865388755026
1720,0.00302378690557407
1718,0.00969480671937395
1716,0.0163838196645133
1714,0.0205974660107212
1712,0.021053570485802
1710,0.0184053491205908
1708,0.0142905333408464
1706,0.0101499278615646
1704,0.00631392883192725
1702,0.0021843773576205
1700,-0.00234565576704706
1698,-0.00631271514849537
1696,-0.00838493225593561
1694,-0.00783429864038101
1692,-0.00520262761070046
1690,-0.00221863997676407
1688,-0.000679771323341605
1686,-0.00119672168860784
1684,-0.00286768966103557
1682,-0.00409290980126097
1680,-0.00399979468103472
1678,-0.00297007703132594
1676,-0.00194739446961455
1674,-0.00154058378717077
1672,-0.00158713776630338
1670,-0.0015120828167649
1668,-0.0010733647113153
1666,-0.00047151901649236
1664,0.000102718460412551
1662,0.000714385803000698
1660,0.00138578663061551
1658,0.00184953073805631
1656,0.00174869303278128
1654,0.000984715572178769
1652,-8.78812305388008E-05
1650,-0.000872923938592564
1648,-0.00112826658003054
1646,-0.000959007404412129
1644,-0.000629027007718236
1642,-0.000492141676189341
1640,-0.000688750506091097
1638,-0.00107750207568786
1636,-0.00139963617625737
1634,-0.00133287641533265
1632,-0.000943881949782187
1630,-0.000708812739979216
1628,-0.000766344162718071
1626,-0.000830211099439524
1624,-0.00055203728191107
1622,0.000137245544048664
1620,0.000860083254886088
1618,0.00114497867265111
1616,0.000928002041920476
1614,0.000436495649202991
1612,-0.000104187691683758
1610,-0.00057979721920192
1608,-0.000912694209234086
1606,-0.00100420618139472
1604,-0.000758336731425463
1602,-0.000170799249024463
1600,0.000591233670309137
1598,0.00123064270801496
1596,0.00147051052890835
1594,0.00120984776613292
1592,0.000600732309626093
1590,-1.32560559023361E-05
1588,-0.000278415243970815
1586,-5.19402145937669E-05
1584,0.000463351941893641
1582,0.000836543692475881
1580,0.000715311214839584
1578,6.7337823115176E-05
1576,-0.000797782186634166
1574,-0.00144797659281497
1572,-0.00162109972189309
1570,-0.00133410210913407
1568,-0.000841163457089484
1566,-0.000506287256516418
1564,-0.000536666861367698
1562,-0.000837945814426004
1560,-0.00109944524483427
1558,-0.000999972535889664
1556,-0.000473730413629525
1554,0.000218542486566578
1552,0.000731634827009772
1550,0.000706816343856394
1548,-2.82021460316207E-05
1546,-0.00121733149552609
1544,-0.00232604847477566
1542,-0.00279450798086889
1540,-0.00229211324981043
1538,-0.00112031410676483
1536,5.41497771216243E-05
1534,0.00071710441601774
1532,0.00065619854714398
1530,7.67121487496317E-05
1528,-0.0004417874762152
1526,-0.000224839073906868
1524,0.00116185053264209
1522,0.00344573553007199
1520,0.00562211290740551
1518,0.0067385391659562
1516,0.00652501422890148
1514,0.00525343390719087
1512,0.00336292622813984
1510,0.00110404350673143
1508,-0.00127909602645903
1506,-0.00309004429568887
1504,-0.00356985917947078
1502,-0.00284399914410766
1500,-0.00169587665597635
1498,-0.000955118174679661
1496,-0.00100828142512045
1494,-0.00163205703547347
1492,-0.00236552492220133
1490,-0.00285399829222774
1488,-0.00266503917652235
1486,-0.00145072489751991
1484,0.000609805987710635
1482,0.00258632607959146
1480,0.00327870926024072
1478,0.00217862632722701
1476,-4.4749681713692E-05
1474,-0.00193861853472815
1472,-0.00228625464999869
1470,-0.00104471393940679
1468,0.000841145618167203
1466,0.00232200916098345
1464,0.00278126274338216
1462,0.0022157077212932
1460,0.00106316859376374
1458,-0.000119393762097573
1456,-0.000745600413642774
1454,-0.000459223485473137
1452,0.00050228722569384
1450,0.00155880926853171
1448,0.00215743414973172
1446,0.00183605804884817
1444,0.00042410102793196
1442,-0.00183429229772026
1440,-0.00429936899575962
1438,-0.00592046868858568
1436,-0.00577761070620419
1434,-0.00390807263927633
1432,-0.00117710079525933
1430,0.00128580299528753
1428,0.00259651984138676
1426,0.00260450287283432
1424,0.00182418399902905
1422,0.000913783778206181
1420,0.000366146058577576
1418,0.000264046802598759
1416,0.000194078585859852
1414,-0.000401971884538506
1412,-0.00174043128327718
1410,-0.00347603118021871
1408,-0.00486079310626444
1406,-0.00518759260374561
1404,-0.00425158714160451
1402,-0.00239596644697746
1400,-0.000132446077465295
1398,0.00210129889421596
1396,0.00387775890906476
1394,0.00472672350876781
1392,0.00431924407144165
1390,0.00278356075077328
1388,0.000789485173833638
1386,-0.00083715715248251
1384,-0.00161200629092887
1382,-0.00152943454836139
1380,-0.000861748208983934
1378,5.67514192214561E-05
1376,0.000917677584600812
1374,0.00147429818362582
1372,0.00162406670260246
1370,0.00149036002279163
1368,0.00137445010379522
1366,0.00157803625598164
1364,0.00220440977065995
1362,0.00304620903593967
1360,0.00365066875360683
1358,0.00357415909373338
1356,0.00266592772011079
1354,0.00117292967263203
1352,-0.000388370305791258
1350,-0.00149746631834483
1348,-0.00187431307437801
1346,-0.0015742375734412
1344,-0.000919916995305798
1342,-0.000334757915635814
1340,-0.000146634682798139
1338,-0.000453969526354247
1336,-0.00112663292011301
1334,-0.00191822564318781
1332,-0.00257909997847831
1330,-0.00290198168484637
1328,-0.00272301166249681
1326,-0.00192237940200142
1324,-0.000456658997688287
1322,0.0015227860141745
1320,0.00346496047985962
1318,0.00436509490940019
1316,0.00316549070083755
1314,-0.000461624651657143
1312,-0.00549217542231241
1310,-0.00976327740777908
1308,-0.0111525043701
1306,-0.00890813186064477
1304,-0.00409287653054805
1302,0.00112454722647816
1300,0.00474057978735237
1298,0.00584941999268937
1296,0.00476906054442994
1294,0.00256026339736769
1292,0.000358198867659035
1290,-0.00116660663273607
1288,-0.00199846065256764
1286,-0.00257573882176936
1284,-0.00336738399450484
1282,-0.00450023688138232
1280,-0.00565057705697049
1278,-0.00626603246536761
1276,-0.00596735161340822
1274,-0.00478153002579342
1272,-0.00300190671797825
1270,-0.000910703032219373
1268,0.00134902910658664
1266,0.00375487983734191
1264,0.0062468838059246
1262,0.00853783921282498
1260,0.0101761244693808
1258,0.0107617405641994
1256,0.0101092655103703
1254,0.00843556087461193
1252,0.00635633152029823
1250,0.00452292178741857
1248,0.00331545885576388
1246,0.00282424618726047
1244,0.00294356816788033
1242,0.00345535036736483
1240,0.0040503927645808
1238,0.00434434034653101
1236,0.00401086925544075
1234,0.00294660786000592
1232,0.00131907056395491
1230,-0.000518394110769642
1228,-0.00217493173712942
1226,-0.0033605158970014
1224,-0.00397542760322402
1222,-0.00411991670200384
1220,-0.00398762705345414
1218,-0.00372179814577311
1216,-0.0033776277117598
1214,-0.0029913235834397
1212,-0.00263866358892801
1210,-0.0024192315210513
1208,-0.00237558400717648
1206,-0.00240229386236795
1204,-0.00224544509986061
1202,-0.00165856349652041
1200,-0.000634395999326143
1198,0.00050114375444115
1196,0.00127834312182116
1194,0.00142194808870711
1192,0.00103024924495035
1190,0.000447262842983446
1188,-3.1821820793544E-05
1186,-0.000350902776084552
1184,-0.000630856271534054
1182,-0.000965272263362242
1180,-0.00130219068866135
1178,-0.00150690664592587
1176,-0.00150522841876867
1174,-0.00134788089721071
1172,-0.00114022281359348
1170,-0.000927215112928161
1168,-0.000661668503263485
1166,-0.000284855115193918
1164,0.000164832741512991
1162,0.000511871587950208
1160,0.000504687328297838
1158,-4.89133142189201E-05
1156,-0.00113256329723598
1154,-0.00243380781046262
1152,-0.00338678652326119
1150,-0.0033799319560569
1148,-0.00207938445334887
1146,0.000290674666782844
1144,0.00291028881239144
1142,0.00469360544651247
1140,0.00490811432099667
1138,0.00371805457481768
1136,0.00216920687856685
1134,0.00147484184087918
1132,0.00209046823038691
1130,0.00334310640877073
1128,0.00396438586763889
1126,0.00309970014447362
1124,0.000930943839059648
1122,-0.00155956479263611
1120,-0.00334272465976284
1118,-0.00394260970894094
1116,-0.00352898987915674
1114,-0.00261538701148519
1112,-0.00170040189040513
1110,-0.0010741447101878
1108,-0.000784557693181638
1106,-0.000695317482150456
1104,-0.000597386756922111
1102,-0.000330129150461931
1100,0.000141458944704919
1098,0.000722779970298233
1096,0.00124998349284881
1094,0.00158069185566866
1092,0.00166975579914488
1090,0.00158770824194856
1088,0.00147762768614424
1086,0.00149264298920618
1084,0.00175445922881221
1082,0.00232644499470669
1080,0.00316465008614798
1078,0.00405912002182634
1076,0.00466684666406527
1074,0.00467818062923516
1072,0.00395146433744384
1070,0.00260821741975919
1068,0.00142602643002471
1066,0.00186667924618861
1064,0.00434319310070089
1062,0.00693664281349809
1060,0.00746466013485714
1058,0.00544818602061286
1056,0.00158460910183579
1054,-0.00263804672015966
1052,-0.00504193939782225
1050,-0.00570578262535137
1048,-0.00702934649442028
1046,-0.0111314120286712
1044,-0.0189310540311061
1042,-0.0282827290497846
1040,-0.0323910272075932
1038,-0.027301713113395
1036,-0.0163446521440475
1034,-0.00530878194351131
1032,0.00207464231958062
1030,0.00535246778936053
1028,0.00675083635618863
1026,0.00694655982417481
1024,0.00420172161117483
1022,-0.00207522983895299
1020,-0.0100043216347306
1018,-0.0162130088233921
1016,-0.0169848248894898
1014,-0.0103779480773288
1012,0.00230262367465746
1010,0.0171995488614636
1008,0.0293577635719997
1006,0.0352875737911644
1004,0.0346320379303846
1002,0.0288725998391116
1000,0.0199980117337326
998,0.0104363727096515
996,0.00224652111804097
994,-0.00349569231543305
992,-0.00653882364448276
990,-0.00737877649118649
988,-0.0069291438511443
986,-0.00590930753602653
984,-0.00469908844785913
982,-0.00353695248674648
980,-0.00257350156762322
978,-0.00184817561391867
976,-0.00135584125892958
974,-0.00111554829465499
972,-0.00115651609777854
970,-0.00147318174903272
968,-0.00201066258557551
966,-0.00271568040652701
964,-0.00368728105762064
962,-0.00514174691156394
960,-0.00676139810575595
958,-0.00732763026620781
956,-0.00546059428447741
954,-0.000783318923175571
952,0.0052772839751622
950,0.010032918557445
948,0.0116992018098346
946,0.0106787065174097
944,0.00861460505062175
942,0.00682325837786252
940,0.00530167535641748
938,0.00301896732846527
936,-0.000691644555064509
934,-0.00526854489275934
932,-0.00930842098687257
930,-0.0114391662038948
928,-0.0110588124457492
926,-0.00858322854072555
924,-0.00511413955832145
922,-0.00177598469209606
920,0.000761823062387467
918,0.00234135680810915
916,0.00315246088520753
914,0.00352080909415085
912,0.00372568334761812
910,0.00389829419533533
908,0.00398030968523551
906,0.00374237597898406
904,0.00291275009234544
902,0.00138392522430018
900,-0.000650999095725621
898,-0.00276179866866332
896,-0.00450001013418297
894,-0.00562784868364603
892,-0.00621364244623585
890,-0.00646222597528214
888,-0.0063483512216115
886,-0.00543235132385384
884,-0.00314160034526513
882,0.000630325171050126
880,0.00506911809589389
878,0.00863982133186989
876,0.00998904170347746
874,0.00884363260339341
872,0.00613010842680958
870,0.00327883353693606
868,0.00130033249604061
866,0.000329168750955518
864,-0.000102745794557521
862,-0.000458152309955512
860,-0.000852196261011369
858,-0.00114135471735933
856,-0.00121297888995922
854,-0.00116003650119926
852,-0.00118705301083499
850,-0.00137374145026294
848,-0.00157378260518394
846,-0.0015589237010699
844,-0.00128127643554737
842,-0.000971787917934124
840,-0.000935795968457997
838,-0.00125965426984256
836,-0.00170086569000517
834,-0.00183335663282001
832,-0.00133570961309065
830,-0.000214025900531668
828,0.00118476778727174
826,0.00234047243818435
824,0.00279826994630498
822,0.00235765784498934
820,0.00118808640514334
818,-0.000203757698494798
816,-0.00119148064546612
814,-0.00136395305251145
812,-0.000810595244492444
810,-4.50251860181846E-05
808,0.000400420502375878
806,0.000344222348754956
804,2.33932144702907E-05
802,-0.000222272816725748
800,-0.000346307092721592
798,-0.000508790974582964
796,-0.000837146526460075
794,-0.00121779957790066
792,-0.00121533210090937
790,-0.000545966418604298
788,0.000343109007191303
786,0.000526565226426001
784,-0.000517595648890247
782,-0.00215967603610754
780,-0.00288159946480602
778,-0.00158408834922904
776,0.0011688735213931
774,0.00370377534547196
772,0.00482286085354854
770,0.00448993432471549
768,0.00336142331267344
766,0.00177023084863758
764,-0.00045417599358262
762,-0.00276217903451576
760,-0.00386006636664065
758,-0.0028019109277612
756,0.000186779230981753
754,0.00330586777457604
752,0.00435026867111024
750,0.002531383199084
748,-0.00129402733867165
746,-0.00462680919231295
744,-0.00453203465504487
742,-0.000807699375758239
740,0.00342656456154656
738,0.00465297731112997
736,0.00241222438807704
734,-0.000497144330489481
732,-0.00121551703278073
730,0.000402734581839678
728,0.00141875319704135
726,-9.36919269646745E-05
724,-0.0019317714008184
722,-0.00190512776786606
720,-0.000890808806283745
718,-0.000179305724893608
716,-0.00060641660207819
714,-0.000816198738035849
712,0.00167664597589483
710,0.00536920379947774
708,0.00578589469498113
706,0.00117182125933927
704,-0.00401064031917746
702,-0.00527858746308786
700,-0.0025682981703503
698,-0.000377613943569273
696,-0.00232201966973459
694,-0.0069135687752383
692,-0.00707435833980681
690,-0.00167665177984682
688,0.00571490423666372
686,0.00929213226397114
684,0.00740006707057402
682,0.00220462319186417
680,-0.00242531848411078
678,-0.00527651063340635
676,-0.00459884942381369
674,-0.00254173467482669
672,-0.000230414046302899
670,0.00109690054034962
668,0.00119160415034211
666,4.65586702944667E-06
664,-0.00105784900778391
662,-0.00197938259421966
660,-0.000998766868772953
658,0.00116131021495426
656,0.00406383262558527
654,0.00619593922151636
652,0.00619593922151636
650,0.00619593922151636
