Wavenumbercm-1,02:21:31
2999.37552385828,0.260462143076764
2997.5113998534,0.255918366359436
2995.64727584851,0.254320314756737
2993.78315184363,0.255118995562493
2991.91902783874,0.248685517134311
2990.05490383386,0.240155392339729
2988.19077982897,0.234170252243447
2986.32665582409,0.229310947440177
2984.46253181921,0.226292475568837
2982.59840781432,0.223929297334912
2980.73428380944,0.219765313267462
2978.87015980455,0.215306537020356
2977.00603579967,0.210901098228563
2975.14191179479,0.205871425286132
2973.2777877899,0.201777943776304
2971.41366378502,0.198329900274326
2969.54953978013,0.192990296010333
2967.68541577525,0.189248279028476
2965.82129177037,0.187794131494761
2963.95716776548,0.184794244450114
2962.0930437606,0.182219999371459
2960.22891975571,0.180746935540547
2958.36479575083,0.179188863788006
2956.50067174594,0.176155938138825
2954.63654774106,0.171026281832731
2952.77242373618,0.169488430736936
2950.90829973129,0.169656999292047
2949.04417572641,0.162112596794697
2947.18005172152,0.149415691527429
2945.31592771664,0.137979580941204
2943.45180371176,0.136002466752525
2941.58767970687,0.138658550660763
2939.72355570199,0.138849539865705
2937.8594316971,0.138312004531574
2935.99530769222,0.138440355286464
2934.13118368733,0.139232110377389
2932.26705968245,0.130486505704536
2930.40293567757,0.119499861045909
2928.53881167268,0.120116697384744
2926.6746876678,0.123158995283569
2924.81056366291,0.126544173373307
2922.94643965803,0.131720334005399
2921.08231565315,0.132461261374143
2919.21819164826,0.127925628271793
2917.35406764338,0.117327949697673
2915.48994363849,0.098506635347665
2913.62581963361,0.0851209231542328
2911.76169562872,0.0858422580304024
2909.89757162384,0.0909086309395465
2908.03344761896,0.0935778227024822
2906.16932361407,0.0913415675766688
2904.30519960919,0.0906193697137262
2902.4410756043,0.0933278715588372
2900.57695159942,0.0948074378529883
2898.71282759454,0.0876914921853778
2896.84870358965,0.0759315214348819
2894.98457958477,0.0732694800060974
2893.12045557988,0.0738145189403576
2891.256331575,0.0736784900849179
2889.39220757011,0.0733550038581008
2887.52808356523,0.0719428581971354
2885.66395956035,0.071295236026277
2883.79983555546,0.0713733677855278
2881.93571155058,0.0723429950230088
2880.07158754569,0.0774709485402019
2878.20746354081,0.0826769372788462
2876.34333953593,0.0683987663341529
2874.47921553104,0.0396165300452214
2872.61509152616,0.0335168466856501
2870.75096752127,0.0421017290055989
2868.88684351639,0.0439329811879525
2867.0227195115,0.0442969876289853
2865.15859550662,0.0489144333574682
2863.29447150174,0.0473840050474397
2861.43034749685,0.0337226808842452
2859.56622349197,0.0286372135498817
2857.70209948708,0.0313076787702226
2855.8379754822,0.0360285242152987
2853.97385147732,0.0426299068647875
2852.10972747243,0.0467847051795318
2850.24560346755,0.0391912745800647
2848.38147946266,0.0305653135569507
2846.51735545778,0.0371036766555055
2844.65323145289,0.0505778840691812
2842.78910744801,0.0567499306761641
2840.92498344313,0.0344065907233123
2839.06085943824,0.0102814993795555
2837.19673543336,0.00670658593780898
2835.33261142847,0.00496141554726685
2833.46848742359,0.00558813082206274
2831.60436341871,0.00872029699815361
2829.74023941382,0.0129785737274213
2827.87611540894,0.0150841415920208
2826.01199140405,0.0138267989112375
2824.14786739917,0.0112329566689977
2822.28374339428,0.00962144269956328
2820.4196193894,0.00902843638521744
2818.55549538452,0.0114720714347044
2816.69137137963,0.0147155721487639
2814.82724737475,0.0187197126517207
2812.96312336986,0.0129939679353087
2811.09899936498,-0.00107718563359373
2809.2348753601,-0.00340207693721635
2807.37075135521,0.00178366409838449
2805.50662735033,0.00726607431608741
2803.64250334544,0.0171788488523308
2801.77837934056,0.0188731924200494
2799.91425533567,0.00447000188781427
2798.05013133079,-0.00312348992609867
2796.18600732591,0.00319353847942269
2794.32188332102,0.00927557099708091
2792.45775931614,0.00284044889637241
2790.59363531125,-0.0172169438539481
2788.72951130637,-0.0245803562878231
2786.86538730149,-0.0157743371942468
2785.0012632966,-0.00946903007602585
2783.13713929172,-0.0052315889004811
2781.27301528683,0.00174706363507595
2779.40889128195,0.0101749327409546
2777.54476727706,0.000413479182548379
2775.68064327218,-0.0199263112821853
2773.8165192673,-0.024166874779265
2771.95239526241,-0.0197497278702452
2770.08827125753,-0.0168935020098597
2768.22414725264,-0.0152501403945694
2766.36002324776,-0.0133885321267401
2764.49589924288,-0.0114875687825574
2762.63177523799,-0.00998172863628072
2760.76765123311,-0.0107295187384482
2758.90352722822,-0.0120082494902946
2757.03940322334,-0.0119171586675668
2755.17527921845,-0.00694227035663827
2753.31115521357,-0.00359654607852099
2751.44703120869,-0.00944623260781942
2749.5829072038,-0.0227346800197415
2747.71878319892,-0.030890378824326
2745.85465919403,-0.0269060272365878
2743.99053518915,-0.0222125884346489
2742.12641118427,-0.0175670054383523
2740.26228717938,-0.0183608002848231
2738.3981631745,-0.0235718257964149
2736.53403916961,-0.0237042957242012
2734.66991516473,-0.0194130608570301
2732.80579115984,-0.0138385160368752
2730.94166715496,-0.0051249675296084
2729.07754315008,-0.00920113486891116
2727.21341914519,-0.024136542175554
2725.34929514031,-0.029195859656396
2723.48517113542,-0.0349431773010093
2721.62104713054,-0.0350279077255855
2719.75692312566,-0.029765910011259
2717.89279912077,-0.0285872030420638
2716.02867511589,-0.0274813274400222
2714.164551111,-0.0255758517327213
2712.30042710612,-0.0259102341028275
2710.43630310123,-0.0283192076683086
2708.57217909635,-0.0277144008051194
2706.70805509147,-0.026998719175095
2704.84393108658,-0.0261324655871818
2702.9798070817,-0.0256833775506223
2701.11568307681,-0.0267739641138136
2699.25155907193,-0.0286043342111405
2697.38743506705,-0.0285999112617031
2695.52331106216,-0.0279765901833724
2693.65918705728,-0.0273255191510296
2691.79506305239,-0.0266658401074749
2689.93093904751,-0.0254570840674889
2688.06681504263,-0.0230149178805944
2686.20269103774,-0.0173129115006136
2684.33856703286,-0.012498683587779
2682.47444302797,-0.0170428007885375
2680.61031902309,-0.0252081724302206
2678.7461950182,-0.0311876184982101
2676.88207101332,-0.0316928213258083
2675.01794700844,-0.0324494065887259
2673.15382300355,-0.0323738604713043
2671.28969899867,-0.0294223305897115
2669.42557499378,-0.0278397958063039
2667.5614509889,-0.0269046874002212
2665.69732698402,-0.0271365462035657
2663.83320297913,-0.0270678645981556
2661.96907897425,-0.0280949103265811
2660.10495496936,-0.0289164358873137
2658.24083096448,-0.0294059058507424
2656.37670695959,-0.0302193904757923
2654.51258295471,-0.0308783392619876
2652.64845894983,-0.0310185556112192
2650.78433494494,-0.0308153370727662
2648.92021094006,-0.0313816653909366
2647.05608693517,-0.0314895311707681
2645.19196293029,-0.0307536225562737
2643.32783892541,-0.0297786123191272
2641.46371492052,-0.0299847478563865
2639.59959091564,-0.0329141388231038
2637.73546691075,-0.0334699417662059
2635.87134290587,-0.0343556472874089
2634.00721890098,-0.0346886659085438
2632.1430948961,-0.0317355793954948
2630.27897089122,-0.0314716909484837
2628.41484688633,-0.0335013499141628
2626.55072288145,-0.0366907521803788
2624.68659887656,-0.035237503273909
2622.82247487168,-0.0330480176049625
2620.9583508668,-0.032082546242897
2619.09422686191,-0.0316379140662172
2617.23010285703,-0.0315459710618141
2615.36597885214,-0.0313592455664739
2613.50185484726,-0.0314118395543498
2611.63773084237,-0.0305940089299016
2609.77360683749,-0.0298794543819727
2607.90948283261,-0.0295171058303776
2606.04535882772,-0.0285551779359262
2604.18123482284,-0.0272187090532464
2602.31711081795,-0.0280513108223417
2600.45298681307,-0.0283869560769345
2598.58886280819,-0.028201617530146
2596.7247388033,-0.0272458065284249
2594.86061479842,-0.0271494674086445
2592.99649079353,-0.0263739522726365
2591.13236678865,-0.0261431232179534
2589.26824278376,-0.0255591530831207
2587.40411877888,-0.0246132035158856
2585.539994774,-0.0239455215314777
2583.67587076911,-0.0235575847067261
2581.81174676423,-0.0231353132446013
2579.94762275934,-0.0219400857797105
2578.08349875446,-0.0229156516048617
2576.21937474958,-0.024612600804404
2574.35525074469,-0.0251150255965648
2572.49112673981,-0.0234860095405221
2570.62700273492,-0.0228779045822446
2568.76287873004,-0.0222797070321043
2566.89875472515,-0.0220063355966171
2565.03463072027,-0.0211558593353342
2563.17050671539,-0.0213437840069973
2561.3063827105,-0.0219535445137189
2559.44225870562,-0.022006097764778
2557.57813470073,-0.021821122672211
2555.71401069585,-0.0218475715888337
2553.84988669097,-0.0217925428375748
2551.98576268608,-0.0204118668851332
2550.1216386812,-0.0186157307126708
2548.25751467631,-0.0176507628750243
2546.39339067143,-0.0187447170625025
2544.52926666654,-0.0184148619926139
2542.66514266166,-0.0182647476314602
2540.80101865678,-0.0177860147583309
2538.93689465189,-0.0171045332385386
2537.07277064701,-0.0169355781989898
2535.20864664212,-0.0179120572170308
2533.34452263724,-0.0194538037314287
2531.48039863236,-0.020181218198545
2529.61627462747,-0.0202415789804555
2527.75215062259,-0.0221316033712189
2525.8880266177,-0.0238099342318231
2524.02390261282,-0.0249659213104608
2522.15977860793,-0.0282684747038603
2520.29565460305,-0.0299159447163705
2518.43153059817,-0.0295813889208508
2516.56740659328,-0.0289212912641633
2514.7032825884,-0.0281635479545523
2512.83915858351,-0.0270258309018462
2510.97503457863,-0.0267320816070695
2509.11091057375,-0.0261676043967706
2507.24678656886,-0.0255112935575145
2505.38266256398,-0.0244622778586886
2503.51853855909,-0.0238352214159713
2501.65441455421,-0.0227780348434963
2499.79029054932,-0.022334032237879
2497.92616654444,-0.0228281201301192
2496.06204253956,-0.0224281895502002
2494.19791853467,-0.0208653533864678
2492.33379452979,-0.0198697262198341
2490.4696705249,-0.0207386840259526
2488.60554652002,-0.0210305468339455
2486.74142251514,-0.0199001999148365
2484.87729851025,-0.0186819845838123
2483.01317450537,-0.0177038221749408
2481.14905050048,-0.0166585791701962
2479.2849264956,-0.0165027822452606
2477.42080249071,-0.0157873097468671
2475.55667848583,-0.015485695543228
2473.69255448095,-0.0149367865744676
2471.82843047606,-0.0140252943643817
2469.96430647118,-0.0129093666368662
2468.10018246629,-0.0131238041041231
2466.23605846141,-0.01268517197768
2464.37193445653,-0.0118022612559503
2462.50781045164,-0.0110893254345487
2460.64368644676,-0.0107487768442885
2458.77956244187,-0.0111673633546239
2456.91543843699,-0.0100676240436233
2455.0513144321,-0.00861353500692658
2453.18719042722,-0.00734634372129077
2451.32306642234,-0.00734906712794316
2449.45894241745,-0.00653606866823961
2447.59481841257,-0.00572661752628794
2445.73069440768,-0.00462673348441719
2443.8665704028,-0.00432986847171949
2442.00244639792,-0.00394431534576991
2440.13832239303,-0.0029923817588876
2438.27419838815,-0.00175274326357643
2436.41007438326,-0.000333730555059699
2434.54595037838,0.000898431420699965
2432.68182637349,0.00138938767199498
2430.81770236861,0.001780028033929
2428.95357836373,0.00278792710390149
2427.08945435884,0.00291964100075017
2425.22533035396,0.00377602319986892
2423.36120634907,0.00464249467222506
2421.49708234419,0.00552739194125545
2419.63295833931,0.0052609037020326
2417.76883433442,0.00600266546876396
2415.90471032954,0.00718847328610026
2414.04058632465,0.00816976447524067
2412.17646231977,0.00873833550954831
2410.31233831489,0.00948453816784279
2408.44821431,0.0104713313564049
2406.58409030512,0.0109705069346374
2404.71996630023,0.0116576871303528
2402.85584229535,0.0127119710901877
2400.99171829046,0.0139285446082513
2399.12759428558,0.0142344462451945
2397.2634702807,0.0150456798077406
2395.39934627581,0.0160151707926843
2393.53522227093,0.0164927033996225
2391.67109826604,0.0162813460521868
2389.80697426116,0.0163265366349954
2387.94285025628,0.0159014008874189
2386.07872625139,0.0155900109931127
2384.21460224651,0.0144357191116586
2382.35047824162,0.0129062518301087
2380.48635423674,0.0114198377155875
2378.62223023185,0.0104485930407517
2376.75810622697,0.0102303148292978
2374.89398222209,0.0098182317864496
2373.0298582172,0.00999918398838948
2371.16573421232,0.010975259170494
2369.30161020743,0.0134529634624771
2367.43748620255,0.0158397498900617
2365.57336219767,0.0182073139980732
2363.70923819278,0.0201212444057766
2361.8451141879,0.0232578253015295
2359.98099018301,0.0264899117501879
2358.11686617813,0.029015767207284
2356.25274217324,0.0307845454157825
2354.38861816836,0.0316562151698142
2352.52449416348,0.0292645644044488
2350.66037015859,0.0234308940521304
2348.79624615371,0.0185241160460958
2346.93212214882,0.0176486411400953
2345.06799814394,0.0191362146001645
2343.20387413906,0.0212751138233754
2341.33975013417,0.0234305885881813
2339.47562612929,0.0245450017629347
2337.6115021244,0.0260153832243485
2335.74737811952,0.0272898297255336
2333.88325411463,0.0288354095778723
2332.01913010975,0.0300640846731062
2330.15500610487,0.0298743746537127
2328.29088209998,0.0281026355573313
2326.4267580951,0.0257829554426821
2324.56263409021,0.0244189925506751
2322.69851008533,0.0247050015583305
2320.83438608045,0.0252834244449059
2318.97026207556,0.026583242631627
2317.10613807068,0.0278562496119873
2315.24201406579,0.0285520002212799
2313.37789006091,0.0289929133909822
2311.51376605602,0.0294857739763275
2309.64964205114,0.0299326226888029
2307.78551804626,0.0293670913651322
2305.92139404137,0.0293801828261647
2304.05727003649,0.029576489755167
2302.1931460316,0.0300077640608759
2300.32902202672,0.0295958403092835
2298.46489802184,0.0296262033605328
2296.60077401695,0.0298251206478915
2294.73665001207,0.0296560524192686
2292.87252600718,0.0285277469994412
2291.0084020023,0.0281073443525519
2289.14427799741,0.0278526849294941
2287.28015399253,0.0280612907024558
2285.41602998765,0.0284890962827745
2283.55190598276,0.0288389226470354
2281.68778197788,0.0306064213221502
2279.82365797299,0.0323535804394591
2277.95953396811,0.0342777465821709
2276.09540996323,0.035022402742885
2274.23128595834,0.0361192990903483
2272.36716195346,0.0364839224435314
2270.50303794857,0.0380490192978036
2268.63891394369,0.0394689032737133
2266.7747899388,0.041346404622555
2264.91066593392,0.0426062182079233
2263.04654192904,0.0431834776159859
2261.18241792415,0.0438968122829177
2259.31829391927,0.0453867628148364
2257.45416991438,0.0470185534765738
2255.5900459095,0.048544812454119
2253.72592190462,0.0492684216291066
2251.86179789973,0.0495557814996175
2249.99767389485,0.051026602587811
2248.13354988996,0.0517143435904417
2246.26942588508,0.0519115101144856
2244.40530188019,0.0529968492719128
2242.54117787531,0.0554830427747476
2240.67705387043,0.0552377560027449
2238.81292986554,0.0553485494261682
2236.94880586066,0.056362744020867
2235.08468185577,0.0578181029080675
2233.22055785089,0.0586230674476334
2231.35643384601,0.0604626215223322
2229.49230984112,0.0613499715626801
2227.62818583624,0.0628187771365337
2225.76406183135,0.0640893871555226
2223.89993782647,0.065104434790979
2222.03581382158,0.067084594120585
2220.1716898167,0.0692918323857367
2218.30756581182,0.0698504336607308
2216.44344180693,0.0704942659033968
2214.57931780205,0.0733388037680275
2212.71519379716,0.0729413904614073
2210.85106979228,0.073125943771545
2208.9869457874,0.0743604336977488
2207.12282178251,0.0763097995346349
2205.25869777763,0.0764095323078192
2203.39457377274,0.0792569061418336
2201.53044976786,0.0803958538442
2199.66632576297,0.0806143187773976
2197.80220175809,0.082170102553922
2195.93807775321,0.0844853204697286
2194.07395374832,0.0851863762230454
2192.20982974344,0.0866873558325104
2190.34570573855,0.0897120150133318
2188.48158173367,0.0906852098398672
2186.61745772879,0.0951246454916252
2184.7533337239,0.100872825301898
2182.88920971902,0.105046591053579
2181.02508571413,0.107377750033047
2179.16096170925,0.109373609921326
2177.29683770436,0.109656181129322
2175.43271369948,0.110308836025395
2173.5685896946,0.109019351601126
2171.70446568971,0.110174200435586
2169.84034168483,0.111675956141134
2167.97621767994,0.116605567364774
2166.11209367506,0.12398297866121
2164.24796967018,0.133925418442924
2162.38384566529,0.145721911571312
2160.51972166041,0.151124394456895
2158.65559765552,0.143811760807206
2156.79147365064,0.132969306753544
2154.92734964575,0.127652004937395
2153.06322564087,0.122502048939576
2151.19910163599,0.118187860498813
2149.3349776311,0.11361207363193
2147.47085362622,0.108116848192913
2145.60672962133,0.103703272631109
2143.74260561645,0.100880680812151
2141.87848161157,0.0974973938305945
2140.01435760668,0.0956016980418741
2138.1502336018,0.0943669765527302
2136.28610959691,0.0924165565685192
2134.42198559203,0.0898654225300138
2132.55786158715,0.0878428879774842
2130.69373758226,0.0867669830969146
2128.82961357738,0.0855214045508218
2126.96548957249,0.0839707452810847
2125.10136556761,0.0823791249163593
2123.23724156272,0.0819689294077696
2121.37311755784,0.0807196789424945
2119.50899355296,0.0799444442626205
2117.64486954807,0.0783663162365706
2115.78074554319,0.0780114721747672
2113.9166215383,0.0777113455582015
2112.05249753342,0.0775677710534033
2110.18837352854,0.077610616129871
2108.32424952365,0.0776672682904902
2106.46012551877,0.0776334674500854
2104.59600151388,0.0770001749069195
2102.731877509,0.0767865037458273
2100.86775350411,0.0778402236147594
2099.00362949923,0.0794445590440561
2097.13950549435,0.0793440803223348
2095.27538148946,0.0800357602493003
2093.41125748458,0.0791592973912795
2091.54713347969,0.0787791803565285
2089.68300947481,0.0779954390594789
2087.81888546993,0.0772749911906687
2085.95476146504,0.0757294529521454
2084.09063746016,0.0746603639261901
2082.22651345527,0.0738549332901371
2080.36238945039,0.0734578539160027
2078.4982654455,0.0735237634392383
2076.63414144062,0.0732619496492932
2074.77001743574,0.0739526925542895
2072.90589343085,0.0748815671744319
2071.04176942597,0.0748943889971841
2069.17764542108,0.0735720053525084
2067.3135214162,0.0741254929142559
2065.44939741132,0.0750127540837835
2063.58527340643,0.0753533598557374
2061.72114940155,0.0737696532448426
2059.85702539666,0.0732291338913491
2057.99290139178,0.0717449592427532
2056.12877738689,0.0714368454912418
2054.26465338201,0.0690596308857599
2052.40052937713,0.0673945180802639
2050.53640537224,0.0693732719024015
2048.67228136736,0.0738755833316575
2046.80815736247,0.0764611409595599
2044.94403335759,0.0783004893864854
2043.07990935271,0.0820512768196282
2041.21578534782,0.0842727025597153
2039.35166134294,0.0863438779492916
2037.48753733805,0.0894680556812472
2035.62341333317,0.0950594931451615
2033.75928932829,0.097883573982908
2031.8951653234,0.101022025247675
2030.03104131852,0.101475712447071
2028.16691731363,0.10190987240049
2026.30279330875,0.100323788155104
2024.43866930387,0.100010579669705
2022.57454529898,0.100357267687238
2020.7104212941,0.101489103023467
2018.84629728921,0.0998341711346973
2016.98217328433,0.0970359111426427
2015.11804927945,0.0964753501720854
2013.25392527456,0.0970995028873276
2011.38980126968,0.0983192843734249
2009.5256772648,0.0984250215255773
2007.66155325991,0.0970744004680301
2005.79742925503,0.0927262234563238
2003.93330525014,0.0886273541059784
2002.06918124526,0.0833344706237257
2000.20505724038,0.0805374605336397
1998.34093323549,0.0766896154169418
1996.47680923061,0.0750261836223903
1994.61268522572,0.0754702819785028
1992.74856122084,0.0747545354813307
1990.88443721596,0.0711491809782822
1989.02031321107,0.0681711529803683
1987.15618920619,0.0657893602175065
1985.2920652013,0.0646689642209944
1983.42794119642,0.0648288009407396
1981.56381719154,0.0689296742556588
1979.69969318665,0.0782143276642246
1977.83556918177,0.0830440841556277
1975.97144517688,0.0840027434844833
1974.107321172,0.080493735171734
1972.24319716712,0.0784027608010554
1970.37907316223,0.0762888993062711
1968.51494915735,0.0752139484474375
1966.65082515246,0.0719173949709798
1964.78670114758,0.0688706442289984
1962.9225771427,0.0661191418056492
1961.05845313781,0.063853618151766
1959.19432913293,0.0609860602159725
1957.33020512805,0.0579476732890208
1955.46608112316,0.0549950694455204
1953.60195711828,0.0519092071187374
1951.73783311339,0.0499310454285115
1949.87370910851,0.0471601896514762
1948.00958510363,0.0461265055620096
1946.14546109874,0.0446644268907904
1944.28133709386,0.0456081116499159
1942.41721308897,0.045671035709057
1940.55308908409,0.0452712178716658
1938.68896507921,0.0437324362003304
1936.82484107432,0.0434912643326792
1934.96071706944,0.0425633799080945
1933.09659306455,0.0416588927441449
1931.23246905967,0.041332785342862
1929.36834505479,0.0402498641485473
1927.5042210499,0.0391910478415852
1925.64009704502,0.038291892360944
1923.77597304013,0.0385768918715349
1921.91184903525,0.0373117858224073
1920.04772503037,0.0388073232245288
1918.18360102548,0.0403153395469056
1916.3194770206,0.0401248836656963
1914.45535301571,0.0387386854786857
1912.59122901083,0.0385758715536786
1910.72710500595,0.0385242645259154
1908.86298100106,0.038589688277715
1906.99885699618,0.0382328428885135
1905.13473299129,0.0375508449969162
1903.27060898641,0.0376393182969614
1901.40648498153,0.0376720882885985
1899.54236097664,0.037403313135366
1897.67823697176,0.0371696048649
1895.81411296688,0.037651393456028
1893.94998896199,0.0370131841827447
1892.08586495711,0.0373241128952352
1890.22174095222,0.0383898004696204
1888.35761694734,0.0393229014356505
1886.49349294246,0.0392662455738197
1884.62936893757,0.0393456241668945
1882.76524493269,0.0388069691294328
1880.9011209278,0.0386004606919209
1879.03699692292,0.0382848446133192
1877.17287291804,0.0380353969827239
1875.30874891315,0.037705325339276
1873.44462490827,0.0370801902303897
1871.58050090338,0.0376173896550976
1869.7163768985,0.0397449547263404
1867.85225289362,0.0410371769030479
1865.98812888873,0.0408080713901633
1864.12400488385,0.0408871266477579
1862.25988087896,0.0407906350379969
1860.39575687408,0.0411053202694216
1858.5316328692,0.0409806553872457
1856.66750886431,0.0414363329104911
1854.80338485943,0.0415239300450385
1852.93926085454,0.0415318304048213
1851.07513684966,0.0411888181723683
1849.21101284478,0.0407203868255683
1847.34688883989,0.040514714134486
1845.48276483501,0.0429197604405728
1843.61864083013,0.0446073546806167
1841.75451682524,0.0444739940131046
1839.89039282036,0.0446245613157343
1838.02626881547,0.0446463589341835
1836.16214481059,0.0449736756106816
1834.29802080571,0.0443247851549687
1832.43389680082,0.0446204416832411
1830.56977279594,0.045745915275338
1828.70564879105,0.0466157916215285
1826.84152478617,0.0475072009459581
1824.97740078129,0.0488787847831211
1823.1132767764,0.0491837423779667
1821.24915277152,0.049628712782973
1819.38502876663,0.0501089443238512
1817.52090476175,0.0511361243203632
1815.65678075687,0.0516303653564498
1813.79265675198,0.0519333545796638
1811.9285327471,0.0529365642941222
1810.06440874221,0.0538780408960944
1808.20028473733,0.054742164001905
1806.33616073245,0.0549561179384809
1804.47203672756,0.0554617348747613
1802.60791272268,0.0562520907525815
1800.74378871779,0.0576323037119209
1798.87966471291,0.058311063984167
1797.01554070803,0.0586822717910434
1795.15141670314,0.0591430362374864
1793.28729269826,0.0618559211865313
1791.42316869337,0.0638455962750552
1789.55904468849,0.0646725246501447
1787.69492068361,0.0654916248484539
1785.83079667872,0.0668279923415528
1783.96667267384,0.0680339737462447
1782.10254866896,0.0694393373160886
1780.23842466407,0.0712584684792883
1778.37430065919,0.0725359506935489
1776.5101766543,0.0737700331349109
1774.64605264942,0.0757835355919306
1772.78192864454,0.0796600591116285
1770.91780463965,0.0819711371102134
1769.05368063477,0.0845764423224523
1767.18955662988,0.0859646911198922
1765.325432625,0.0870678555516601
1763.46130862012,0.0889984274991759
1761.59718461523,0.0909595763070642
1759.73306061035,0.0920686236928641
1757.86893660546,0.0940841498127541
1756.00481260058,0.0954312670897935
1754.1406885957,0.0963721148755248
1752.27656459081,0.0992142875132513
1750.41244058593,0.102211162776671
1748.54831658104,0.105176528564213
1746.68419257616,0.107569466956315
1744.82006857128,0.110731319039299
1742.95594456639,0.113406960360355
1741.09182056151,0.117676506632848
1739.22769655662,0.120579582585967
1737.36357255174,0.122997703341103
1735.49944854686,0.129200102239669
1733.63532454197,0.135953507434207
1731.77120053709,0.140575230519465
1729.90707653221,0.145632824804958
1728.04295252732,0.150386349976575
1726.17882852244,0.155588520072916
1724.31470451755,0.161532990363777
1722.45058051267,0.166387328539341
1720.58645650779,0.172206249228048
1718.7223325029,0.181391437400888
1716.85820849802,0.191255239561531
1714.99408449313,0.199284524525437
1713.12996048825,0.207418463738781
1711.26583648337,0.215373124363309
1709.40171247848,0.224030685104002
1707.5375884736,0.233988004299376
1705.67346446871,0.245059952204963
1703.80934046383,0.252985529065244
1701.94521645895,0.267342373409216
1700.08109245406,0.281200815827908
1698.21696844918,0.292838285726917
1696.35284444429,0.308863429365509
1694.48872043941,0.321694169531558
1692.62459643453,0.334420225102549
1690.76047242964,0.349119204763771
1688.89634842476,0.362793843980567
1687.03222441987,0.376741630239562
1685.16810041499,0.398276578372048
1683.30397641011,0.414727327874311
1681.43985240522,0.430185401694855
1679.57572840034,0.444869126077734
1677.71160439545,0.461601069102239
1675.84748039057,0.481195998192327
1673.98335638569,0.49760235457869
1672.1192323808,0.514359202479663
1670.25510837592,0.534782218280591
1668.39098437104,0.552926347283029
1666.52686036615,0.56897613341746
1664.66273636127,0.587532204375781
1662.79861235638,0.606647930229168
1660.9344883515,0.624445054271291
1659.07036434662,0.640707972074744
1657.20624034173,0.654741325506826
1655.34211633685,0.671997043492015
1653.47799233196,0.693759677455138
1651.61386832708,0.705165355982333
1649.7497443222,0.716248005047974
1647.88562031731,0.729652824094374
1646.02149631243,0.74147904946381
1644.15737230754,0.75008679088345
1642.29324830266,0.757249108384254
1640.42912429778,0.762742162694943
1638.56500029289,0.766742127936442
1636.70087628801,0.768360162924309
1634.83675228312,0.766127327477183
1632.97262827824,0.761463996910969
1631.10850427336,0.754303988990335
1629.24438026847,0.743809509305881
1627.38025626359,0.731963711328708
1625.5161322587,0.71756064728884
1623.65200825382,0.700695732469908
1621.78788424894,0.684214319338608
1619.92376024405,0.667376418570157
1618.05963623917,0.645762299123566
1616.19551223429,0.625299214791833
1614.3313882294,0.60632208099824
1612.46726422452,0.58638577531081
1610.60314021963,0.56631264817258
1608.73901621475,0.546389101521973
1606.87489220987,0.527401230894577
1605.01076820498,0.508898907666854
1603.1466442001,0.491083767517382
1601.28252019521,0.473881219184319
1599.41839619033,0.458176091042022
1597.55427218545,0.442983181691037
1595.69014818056,0.428888753657095
1593.82602417568,0.415119642712437
1591.96190017079,0.402536144722522
1590.09777616591,0.390482000504491
1588.23365216103,0.379393737868709
1586.36952815614,0.368741717495477
1584.50540415126,0.35885052897672
1582.64128014637,0.349283133305095
1580.77715614149,0.340471672179694
1578.91303213661,0.332484972164835
1577.04890813172,0.324888814488928
1575.18478412684,0.318173515983824
1573.32066012195,0.311432059328485
1571.45653611707,0.304979576120173
1569.59241211219,0.298852667923141
1567.7282881073,0.293290230496969
1565.86416410242,0.28724750061855
1564.00004009754,0.281555704302964
1562.13591609265,0.276008509684662
1560.27179208777,0.27277074487483
1558.40766808288,0.270501125024692
1556.543544078,0.267304010202838
1554.67942007312,0.263284750782438
1552.81529606823,0.259391398692194
1550.95117206335,0.255783624219271
1549.08704805846,0.251985357544376
1547.22292405358,0.248177791370904
1545.3588000487,0.244655806930659
1543.49467604381,0.24209072836626
1541.63055203893,0.240916234725135
1539.76642803404,0.240226323437991
1537.90230402916,0.237669481082198
1536.03818002428,0.235253382225911
1534.17405601939,0.233376791823941
1532.30993201451,0.231547497821868
1530.44580800962,0.229313986729954
1528.58168400474,0.227408936444596
1526.71755999986,0.225732563444132
1524.85343599497,0.223983240079586
1522.98931199009,0.222827559590893
1521.1251879852,0.221975013997872
1519.26106398032,0.22076413244394
1517.39693997544,0.219845783005556
1515.53281597055,0.218984036057139
1513.66869196567,0.2176481812178
1511.80456796078,0.216122541801586
1509.9404439559,0.214749167245705
1508.07631995102,0.215722938982536
1506.21219594613,0.216636131878395
1504.34807194125,0.215739774895435
1502.48394793637,0.214279991847277
1500.61982393148,0.213339587074205
1498.7556999266,0.213248343958158
1496.89157592171,0.213716985088425
1495.02745191683,0.213372257909611
1493.16332791195,0.212768249098378
1491.29920390706,0.212911680203105
1489.43507990218,0.213414092344286
1487.57095589729,0.213736242857441
1485.70683189241,0.213895100381304
1483.84270788753,0.214228150092807
1481.97858388264,0.214617688724417
1480.11445987776,0.215057801002363
1478.25033587287,0.215580573819172
1476.38621186799,0.216384419329331
1474.52208786311,0.217956936818081
1472.65796385822,0.220474803923657
1470.79383985334,0.222151584821641
1468.92971584845,0.223463134618323
1467.06559184357,0.22543168025328
1465.20146783869,0.22838847744786
1463.3373438338,0.230709502280563
1461.47321982892,0.232380574166985
1459.60909582403,0.235318584584876
1457.74497181915,0.241357223258256
1455.88084781427,0.246407992970354
1454.01672380938,0.250528720004664
1452.1525998045,0.255387373508493
1450.28847579962,0.261080481768458
1448.42435179473,0.268100834460692
1446.56022778985,0.27505169158436
1444.69610378496,0.282212594849145
1442.83197978008,0.290048174335581
1440.9678557752,0.297952865298287
1439.10373177031,0.307193602763629
1437.23960776543,0.319611199354153
1435.37548376054,0.330404008687038
1433.51135975566,0.340609242016618
1431.64723575078,0.35259917493291
1429.78311174589,0.365775456216154
1427.91898774101,0.378644042722024
1426.05486373612,0.392600613658974
1424.19073973124,0.407271345040261
1422.32661572636,0.421047961982625
1420.46249172147,0.437850202675404
1418.59836771659,0.455324847716745
1416.7342437117,0.470520142649557
1414.87011970682,0.485600619157078
1413.00599570194,0.50087860442811
1411.14187169705,0.51582284841199
1409.27774769217,0.529919796718406
1407.41362368728,0.543387599462342
1405.5494996824,0.557050959514586
1403.68537567752,0.568938601942587
1401.82125167263,0.579510702651375
1399.95712766775,0.589719950707983
1398.09300366286,0.598703280317153
1396.22887965798,0.606854762024451
1394.3647556531,0.614627049270929
1392.50063164821,0.621006616473433
1390.63650764333,0.626992169728565
1388.77238363845,0.633170932750462
1386.90825963356,0.639183866488299
1385.04413562868,0.644493831263274
1383.18001162379,0.649845401229834
1381.31588761891,0.65529707621667
1379.45176361403,0.660709791450552
1377.58763960914,0.666304316622399
1375.72351560426,0.672350020871968
1373.85939159937,0.678690739313241
1371.99526759449,0.684537179098317
1370.13114358961,0.691003793627822
1368.26701958472,0.697656495436543
1366.40289557984,0.703990368001827
1364.53877157495,0.710467292308827
1362.67464757007,0.717487794247623
1360.81052356519,0.723592430152065
1358.9463995603,0.72880812779858
1357.08227555542,0.733166281720469
1355.21815155053,0.736707212836766
1353.35402754565,0.739237427837142
1351.48990354077,0.740573771635648
1349.62577953588,0.740319950349031
1347.761655531,0.738212629528742
1345.89753152611,0.734357713126326
1344.03340752123,0.728870088545332
1342.16928351635,0.721860818609807
1340.30515951146,0.712730224438697
1338.44103550658,0.701812036989053
1336.5769115017,0.688971076450928
1334.71278749681,0.674539558138944
1332.84866349193,0.658712915797248
1330.98453948704,0.642050289240257
1329.12041548216,0.624503156199819
1327.25629147728,0.606409020529977
1325.39216747239,0.588038874738649
1323.52804346751,0.569719287115681
1321.66391946262,0.551605577044436
1319.79979545774,0.533885707472451
1317.93567145286,0.517116166885596
1316.07154744797,0.501274250582418
1314.20742344309,0.486251041925872
1312.3432994382,0.472243978561873
1310.47917543332,0.459394952038073
1308.61505142844,0.44731837635952
1306.75092742355,0.436154487028349
1304.88680341867,0.426003125824354
1303.02267941378,0.416935644488639
1301.1585554089,0.408962035144595
1299.29443140402,0.402162285051605
1297.43030739913,0.396415938513985
1295.56618339425,0.391457516358773
1293.70205938936,0.387212106631042
1291.83793538448,0.383786990501164
1289.9738113796,0.381203040552867
1288.10968737471,0.379433114271166
1286.24556336983,0.378537074909785
1284.38143936494,0.378517495106652
1282.51731536006,0.379354548472693
1280.65319135518,0.380919460069665
1278.78906735029,0.383123360165951
1276.92494334541,0.385842694676222
1275.06081934053,0.389275911986426
1273.19669533564,0.393345434879341
1271.33257133076,0.397767379251274
1269.46844732587,0.402409489588356
1267.60432332099,0.407562445899299
1265.74019931611,0.413752516421789
1263.87607531122,0.421156800656174
1262.01195130634,0.429423940588976
1260.14782730145,0.437889624364776
1258.28370329657,0.446014068559077
1256.41957929169,0.453652972047737
1254.5554552868,0.461003400535357
1252.69133128192,0.467969260637802
1250.82720727703,0.474358249716392
1248.96308327215,0.479974573277467
1247.09895926727,0.484747528620625
1245.23483526238,0.488769888884911
1243.3707112575,0.492072050711752
1241.50658725261,0.494448511396311
1239.64246324773,0.495867020696709
1237.77833924285,0.496364201252106
1235.91421523796,0.496064607160405
1234.05009123308,0.494976413662657
1232.18596722819,0.493016676156494
1230.32184322331,0.490239096781797
1228.45771921843,0.486637276316773
1226.59359521354,0.482359529533879
1224.72947120866,0.477536599169513
1222.86534720378,0.472180037368547
1221.00122319889,0.466398561390329
1219.13709919401,0.460341506274772
1217.27297518912,0.453831926697813
1215.40885118424,0.446884323887751
1213.54472717936,0.439813131618721
1211.68060317447,0.432818280600726
1209.81647916959,0.425728041622351
1207.9523551647,0.418579249324608
1206.08823115982,0.411591309897823
1204.22410715494,0.404673664226174
1202.35998315005,0.397713226183018
1200.49585914517,0.390831468703664
1198.63173514028,0.384132424186506
1196.7676111354,0.377572378091696
1194.90348713052,0.371262099932749
1193.03936312563,0.365196927300623
1191.17523912075,0.359496364116395
1189.31111511586,0.35411238974757
1187.44699111098,0.348722804131765
1185.5828671061,0.343423309417287
1183.71874310121,0.338346926959084
1181.85461909633,0.333360271662259
1179.99049509144,0.328589064107518
1178.12637108656,0.324152034225208
1176.26224708168,0.31994996687993
1174.39812307679,0.316054138044399
1172.53399907191,0.312398631828308
1170.66987506703,0.308783414487443
1168.80575106214,0.305179079615293
1166.94162705726,0.301758742556003
1165.07750305237,0.29863976619222
1163.21337904749,0.295662785876366
1161.34925504261,0.292771188869628
1159.48513103772,0.290011865466995
1157.62100703284,0.287225455456187
1155.75688302795,0.284524645609332
1153.89275902307,0.282043517597347
1152.02863501819,0.27965706288144
1150.1645110133,0.27739451536969
1148.30038700842,0.275339999337224
1146.43626300353,0.273413753862268
1144.57213899865,0.271600352252815
1142.70801499377,0.270001031108208
1140.84389098888,0.268408565650077
1138.979766984,0.266821882756299
1137.11564297911,0.265350821409689
1135.25151897423,0.263845477777234
1133.38739496935,0.262287911707663
1131.52327096446,0.260781890673236
1129.65914695958,0.259482914899641
1127.79502295469,0.258467115619581
1125.93089894981,0.257643903797627
1124.06677494493,0.256907584577619
1122.20265094004,0.256181174580464
1120.33852693516,0.255356380633669
1118.47440293027,0.254508787685127
1116.61027892539,0.253838270297461
1114.74615492051,0.253332329104453
1112.88203091562,0.252913621948683
1111.01790691074,0.252523405120671
1109.15378290586,0.252042144890736
1107.28965890097,0.251646871370809
1105.42553489609,0.251502390919013
1103.5614108912,0.25146142905344
1101.69728688632,0.251426699589439
1099.83316288144,0.251486418503765
1097.96903887655,0.25160141870981
1096.10491487167,0.251520977640727
1094.24079086678,0.251157968002945
1092.3766668619,0.250789732510886
1090.51254285702,0.250664451650041
1088.64841885213,0.250462558650657
1086.78429484725,0.250137704537919
1084.92017084236,0.250006553680263
1083.05604683748,0.250014106602056
1081.1919228326,0.249954599117689
1079.32779882771,0.249884296139033
1077.46367482283,0.249849818354174
1075.59955081794,0.249727296412118
1073.73542681306,0.249667412308957
1071.87130280818,0.249807124197278
1070.00717880329,0.250075182840055
1068.14305479841,0.250430416616815
1066.27893079352,0.250830163869726
1064.41480678864,0.251220782434718
1062.55068278376,0.251777192389612
1060.68655877887,0.252575867789036
1058.82243477399,0.253400435756415
1056.95831076911,0.254394931432322
1055.09418676422,0.25591491519053
1053.23006275934,0.257923344809145
1051.36593875445,0.260100346886406
1049.50181474957,0.26194206416676
1047.63769074469,0.262950840189097
1045.7735667398,0.263001105521827
1043.90944273492,0.262307724087944
1042.04531873003,0.261147913012375
1040.18119472515,0.259911245347844
1038.31707072027,0.258993129554488
1036.45294671538,0.258406524469179
1034.5888227105,0.257947906119873
1032.72469870561,0.257551162185582
1030.86057470073,0.257362305482323
1028.99645069585,0.257385042317991
1027.13232669096,0.257561975801068
1025.26820268608,0.257962888804431
1023.40407868119,0.258642008751689
1021.53995467631,0.259469346991569
1019.67583067143,0.260097619839302
1017.81170666654,0.260439259017824
1015.94758266166,0.260747117523316
1014.08345865677,0.261150388967077
1012.21933465189,0.261557678767523
1010.35521064701,0.261927057535454
1008.49108664212,0.262412022086842
1006.62696263724,0.262947832236662
1004.76283863235,0.263351825396927
1002.89871462747,0.263750277838603
1001.03459062259,0.264147036992396
999.170466617702,0.264533286265479
997.306342612818,0.264960893215063
995.442218607933,0.265528427630671
993.578094603049,0.26635995578148
991.713970598165,0.267320941533444
989.849846593281,0.268196869216827
987.985722588397,0.26902777359929
986.121598583513,0.269920541835057
984.257474578629,0.270767377075805
982.393350573745,0.271690057971349
980.529226568861,0.272988934971714
978.665102563977,0.274593937066389
976.800978559093,0.276159905424108
974.936854554209,0.277788008906967
973.072730549325,0.279573283643432
971.208606544441,0.281079503430009
969.344482539557,0.282443479496529
967.480358534673,0.284199523921162
965.616234529789,0.286210059001395
963.752110524905,0.288265563759213
961.887986520021,0.290432465297409
960.023862515137,0.292674727980945
958.159738510253,0.294931910099743
956.295614505368,0.297317585982588
954.431490500484,0.299616283374593
952.5673664956,0.301721027204206
950.703242490716,0.304093462569735
948.839118485832,0.306881412630769
946.974994480948,0.309994810555308
945.110870476064,0.313061168895289
943.24674647118,0.31604037765276
941.382622466296,0.319038868380701
939.518498461412,0.321879901049967
937.654374456528,0.324817396369092
935.790250451644,0.328111757746051
933.92612644676,0.331655061813194
932.062002441876,0.335299854803875
930.197878436992,0.339073911873722
928.333754432108,0.342899786723845
926.469630427224,0.346676433450562
924.60550642234,0.350431821851089
922.741382417456,0.354220571735317
920.877258412572,0.358080930195104
919.013134407688,0.362031636584852
917.149010402803,0.366312047607313
915.284886397919,0.371055255939958
913.420762393035,0.375944939292263
911.556638388151,0.380688134758149
909.692514383267,0.38504555257091
907.828390378383,0.389251570803589
905.964266373499,0.393792194722294
904.100142368615,0.398790119812992
902.236018363731,0.404040061442352
900.371894358847,0.409348762790438
898.507770353963,0.414788325504946
896.643646349079,0.420202609208579
894.779522344195,0.425493704041247
892.915398339311,0.430726477810537
891.051274334427,0.436026008420268
889.187150329543,0.441719467581767
887.323026324659,0.447881764335805
885.458902319775,0.454235759140185
883.594778314891,0.460454914765333
881.730654310007,0.466736591171622
879.866530305123,0.473179334423029
878.002406300238,0.479437710552156
876.138282295354,0.485600866658604
874.27415829047,0.49183064287958
872.410034285586,0.498202349623271
870.545910280702,0.504823129282434
868.681786275818,0.511899243804476
866.817662270934,0.519253023063108
864.95353826605,0.526788297402207
863.089414261166,0.534214891943342
861.225290256282,0.540952463778011
859.361166251398,0.547694138977302
857.497042246514,0.555051222487745
855.63291824163,0.56282162810522
853.768794236746,0.570756507965897
851.904670231862,0.578486072189394
850.040546226978,0.586324533040209
848.176422222094,0.594171357928895
846.31229821721,0.601658548912064
844.448174212326,0.609509202231912
842.584050207442,0.618275579775896
840.719926202558,0.62837275280151
838.855802197673,0.639895810755781
836.991678192789,0.65351073968945
835.127554187905,0.669047257567364
833.263430183021,0.684677622475809
831.399306178137,0.697006574768978
829.535182173253,0.703684149635821
827.671058168369,0.706065807820512
825.806934163485,0.707849920068123
823.942810158601,0.711554484970803
822.078686153717,0.7172271408109
820.214562148833,0.724462463113621
818.350438143949,0.732157620883231
816.486314139065,0.739937428376614
814.622190134181,0.747601443868126
812.758066129297,0.754996109457771
810.893942124413,0.762180783963097
809.029818119529,0.769604944734894
807.165694114645,0.777308140884535
805.301570109761,0.785297455991724
803.437446104877,0.792981644908103
801.573322099993,0.800763579057836
799.709198095108,0.808454086009697
797.845074090224,0.816167053639076
795.98095008534,0.824569974262939
794.116826080456,0.833349506573678
792.252702075572,0.842775097767419
790.388578070688,0.852238452298463
788.524454065804,0.8611078333445
786.66033006092,0.869056505803849
784.796206056036,0.876961991955019
782.932082051152,0.885141258418958
781.067958046268,0.894199275738188
779.203834041384,0.902736131268833
777.3397100365,0.91081287785861
775.475586031616,0.919305798888764
773.611462026732,0.928664384704812
771.747338021848,0.937762959958686
769.883214016964,0.945802755532398
768.01909001208,0.953192420250941
766.154966007196,0.961453238748387
764.290842002312,0.971106333042513
762.426717997428,0.980296086552237
760.562593992544,0.988369014071955
758.698469987659,0.996014965228993
756.834345982775,1.0049510188298
754.970221977891,1.0132784917737
753.106097973007,1.02109449251553
751.241973968123,1.02805777732117
749.377849963239,1.03597827071538
747.513725958355,1.04537916248323
745.649601953471,1.05534816379207
743.785477948587,1.06323530074751
741.921353943703,1.07163884793657
740.057229938819,1.08048017811018
738.193105933935,1.08878744754917
736.328981929051,1.09728416124865
734.464857924167,1.10519344276355
732.600733919283,1.11292235770585
730.736609914399,1.12053762326814
728.872485909515,1.13055422201908
727.008361904631,1.13951129515932
725.144237899747,1.14794831818634
723.280113894863,1.15527543084906
721.415989889979,1.16421027754062
719.551865885094,1.17121841458947
717.68774188021,1.17861114181135
715.823617875326,1.18649953665674
713.959493870442,1.19545418267468
712.095369865558,1.20454998704323
710.231245860674,1.21163165351539
708.36712185579,1.21842782296493
706.502997850906,1.22771675635193
704.638873846022,1.2386155773139
702.774749841138,1.24682776632529
700.910625836254,1.25524946650034
699.04650183137,1.26271702108128
697.182377826486,1.27070744795424
695.318253821602,1.27902553289899
693.454129816718,1.28838323423325
691.590005811834,1.29098017274697
689.72588180695,1.30165955426725
687.861757802066,1.31230627788506
685.997633797182,1.31909575500249
684.133509792298,1.32173349555647
682.269385787414,1.32671767963944
680.405261782529,1.3374246425971
678.541137777645,1.34921295805489
676.677013772761,1.35344368464066
674.812889767877,1.35927154521125
672.948765762993,1.37934008736929
671.084641758109,1.39583042680212
669.220517753225,1.39072163093647
667.356393748341,1.36763267461406
665.492269743457,1.38049474678457
663.628145738573,1.38850952590593
661.764021733689,1.38956890459976
659.899897728805,1.38500499038905
658.035773723921,1.39116359782609
656.171649719037,1.39393364978921
654.307525714153,1.39600224360371
652.443401709269,1.38478549205187
650.579277704385,1.37014744196335
